{
  "service": {
    "service": "aws-lambda-prueba",
    "serviceObject": {
      "name": "aws-lambda-prueba"
    },
    "provider": {
      "name": "aws",
      "runtime": "nodejs14.x",
      "region": "us-east-1",
      "iamRoleStatements": [
        {
          "Effect": "Allow",
          "Action": [
            "dynamodb:*"
          ],
          "Resource": "arn:aws:dynamodb:us-east-1:503235614140:table/TaskTable2"
        }
      ],
      "stage": "dev",
      "versionFunctions": true,
      "compiledCloudFormationTemplate": {
        "AWSTemplateFormatVersion": "2010-09-09",
        "Description": "The AWS CloudFormation template for this Serverless application",
        "Resources": {
          "ServerlessDeploymentBucket": {
            "Type": "AWS::S3::Bucket",
            "Properties": {
              "BucketEncryption": {
                "ServerSideEncryptionConfiguration": [
                  {
                    "ServerSideEncryptionByDefault": {
                      "SSEAlgorithm": "AES256"
                    }
                  }
                ]
              }
            }
          },
          "ServerlessDeploymentBucketPolicy": {
            "Type": "AWS::S3::BucketPolicy",
            "Properties": {
              "Bucket": {
                "Ref": "ServerlessDeploymentBucket"
              },
              "PolicyDocument": {
                "Statement": [
                  {
                    "Action": "s3:*",
                    "Effect": "Deny",
                    "Principal": "*",
                    "Resource": [
                      {
                        "Fn::Join": [
                          "",
                          [
                            "arn:",
                            {
                              "Ref": "AWS::Partition"
                            },
                            ":s3:::",
                            {
                              "Ref": "ServerlessDeploymentBucket"
                            },
                            "/*"
                          ]
                        ]
                      },
                      {
                        "Fn::Join": [
                          "",
                          [
                            "arn:",
                            {
                              "Ref": "AWS::Partition"
                            },
                            ":s3:::",
                            {
                              "Ref": "ServerlessDeploymentBucket"
                            }
                          ]
                        ]
                      }
                    ],
                    "Condition": {
                      "Bool": {
                        "aws:SecureTransport": false
                      }
                    }
                  }
                ]
              }
            }
          },
          "HelloLogGroup": {
            "Type": "AWS::Logs::LogGroup",
            "Properties": {
              "LogGroupName": "/aws/lambda/aws-lambda-prueba-dev-hello"
            }
          },
          "CreateTaskLogGroup": {
            "Type": "AWS::Logs::LogGroup",
            "Properties": {
              "LogGroupName": "/aws/lambda/aws-lambda-prueba-dev-createTask"
            }
          },
          "GetTasksLogGroup": {
            "Type": "AWS::Logs::LogGroup",
            "Properties": {
              "LogGroupName": "/aws/lambda/aws-lambda-prueba-dev-getTasks"
            }
          },
          "GetTaskLogGroup": {
            "Type": "AWS::Logs::LogGroup",
            "Properties": {
              "LogGroupName": "/aws/lambda/aws-lambda-prueba-dev-getTask"
            }
          },
          "UpdateTaskLogGroup": {
            "Type": "AWS::Logs::LogGroup",
            "Properties": {
              "LogGroupName": "/aws/lambda/aws-lambda-prueba-dev-updateTask"
            }
          },
          "DeleteTaskLogGroup": {
            "Type": "AWS::Logs::LogGroup",
            "Properties": {
              "LogGroupName": "/aws/lambda/aws-lambda-prueba-dev-deleteTask"
            }
          },
          "IamRoleLambdaExecution": {
            "Type": "AWS::IAM::Role",
            "Properties": {
              "AssumeRolePolicyDocument": {
                "Version": "2012-10-17",
                "Statement": [
                  {
                    "Effect": "Allow",
                    "Principal": {
                      "Service": [
                        "lambda.amazonaws.com"
                      ]
                    },
                    "Action": [
                      "sts:AssumeRole"
                    ]
                  }
                ]
              },
              "Policies": [
                {
                  "PolicyName": {
                    "Fn::Join": [
                      "-",
                      [
                        "aws-lambda-prueba",
                        "dev",
                        "lambda"
                      ]
                    ]
                  },
                  "PolicyDocument": {
                    "Version": "2012-10-17",
                    "Statement": [
                      {
                        "Effect": "Allow",
                        "Action": [
                          "logs:CreateLogStream",
                          "logs:CreateLogGroup"
                        ],
                        "Resource": [
                          {
                            "Fn::Sub": "arn:${AWS::Partition}:logs:${AWS::Region}:${AWS::AccountId}:log-group:/aws/lambda/aws-lambda-prueba-dev*:*"
                          }
                        ]
                      },
                      {
                        "Effect": "Allow",
                        "Action": [
                          "logs:PutLogEvents"
                        ],
                        "Resource": [
                          {
                            "Fn::Sub": "arn:${AWS::Partition}:logs:${AWS::Region}:${AWS::AccountId}:log-group:/aws/lambda/aws-lambda-prueba-dev*:*:*"
                          }
                        ]
                      },
                      {
                        "$ref": "$[\"service\"][\"provider\"][\"iamRoleStatements\"][0]"
                      }
                    ]
                  }
                }
              ],
              "Path": "/",
              "RoleName": {
                "Fn::Join": [
                  "-",
                  [
                    "aws-lambda-prueba",
                    "dev",
                    {
                      "Ref": "AWS::Region"
                    },
                    "lambdaRole"
                  ]
                ]
              }
            }
          },
          "HelloLambdaFunction": {
            "Type": "AWS::Lambda::Function",
            "Properties": {
              "Code": {
                "S3Bucket": {
                  "Ref": "ServerlessDeploymentBucket"
                },
                "S3Key": "serverless/aws-lambda-prueba/dev/1656135023462-2022-06-25T05:30:23.462Z/aws-lambda-prueba.zip"
              },
              "Handler": "src/hello.hello",
              "Runtime": "nodejs14.x",
              "FunctionName": "aws-lambda-prueba-dev-hello",
              "MemorySize": 1024,
              "Timeout": 6,
              "Role": {
                "Fn::GetAtt": [
                  "IamRoleLambdaExecution",
                  "Arn"
                ]
              }
            },
            "DependsOn": [
              "HelloLogGroup"
            ]
          },
          "CreateTaskLambdaFunction": {
            "Type": "AWS::Lambda::Function",
            "Properties": {
              "Code": {
                "S3Bucket": {
                  "Ref": "ServerlessDeploymentBucket"
                },
                "S3Key": "serverless/aws-lambda-prueba/dev/1656135023462-2022-06-25T05:30:23.462Z/aws-lambda-prueba.zip"
              },
              "Handler": "src/addTask.addTask",
              "Runtime": "nodejs14.x",
              "FunctionName": "aws-lambda-prueba-dev-createTask",
              "MemorySize": 1024,
              "Timeout": 6,
              "Role": {
                "Fn::GetAtt": [
                  "IamRoleLambdaExecution",
                  "Arn"
                ]
              }
            },
            "DependsOn": [
              "CreateTaskLogGroup"
            ]
          },
          "GetTasksLambdaFunction": {
            "Type": "AWS::Lambda::Function",
            "Properties": {
              "Code": {
                "S3Bucket": {
                  "Ref": "ServerlessDeploymentBucket"
                },
                "S3Key": "serverless/aws-lambda-prueba/dev/1656135023462-2022-06-25T05:30:23.462Z/aws-lambda-prueba.zip"
              },
              "Handler": "src/getTasks.getTasks",
              "Runtime": "nodejs14.x",
              "FunctionName": "aws-lambda-prueba-dev-getTasks",
              "MemorySize": 1024,
              "Timeout": 6,
              "Role": {
                "Fn::GetAtt": [
                  "IamRoleLambdaExecution",
                  "Arn"
                ]
              }
            },
            "DependsOn": [
              "GetTasksLogGroup"
            ]
          },
          "GetTaskLambdaFunction": {
            "Type": "AWS::Lambda::Function",
            "Properties": {
              "Code": {
                "S3Bucket": {
                  "Ref": "ServerlessDeploymentBucket"
                },
                "S3Key": "serverless/aws-lambda-prueba/dev/1656135023462-2022-06-25T05:30:23.462Z/aws-lambda-prueba.zip"
              },
              "Handler": "src/getTask.getTask",
              "Runtime": "nodejs14.x",
              "FunctionName": "aws-lambda-prueba-dev-getTask",
              "MemorySize": 1024,
              "Timeout": 6,
              "Role": {
                "Fn::GetAtt": [
                  "IamRoleLambdaExecution",
                  "Arn"
                ]
              }
            },
            "DependsOn": [
              "GetTaskLogGroup"
            ]
          },
          "UpdateTaskLambdaFunction": {
            "Type": "AWS::Lambda::Function",
            "Properties": {
              "Code": {
                "S3Bucket": {
                  "Ref": "ServerlessDeploymentBucket"
                },
                "S3Key": "serverless/aws-lambda-prueba/dev/1656135023462-2022-06-25T05:30:23.462Z/aws-lambda-prueba.zip"
              },
              "Handler": "src/updateTask.updateTask",
              "Runtime": "nodejs14.x",
              "FunctionName": "aws-lambda-prueba-dev-updateTask",
              "MemorySize": 1024,
              "Timeout": 6,
              "Role": {
                "Fn::GetAtt": [
                  "IamRoleLambdaExecution",
                  "Arn"
                ]
              }
            },
            "DependsOn": [
              "UpdateTaskLogGroup"
            ]
          },
          "DeleteTaskLambdaFunction": {
            "Type": "AWS::Lambda::Function",
            "Properties": {
              "Code": {
                "S3Bucket": {
                  "Ref": "ServerlessDeploymentBucket"
                },
                "S3Key": "serverless/aws-lambda-prueba/dev/1656135023462-2022-06-25T05:30:23.462Z/aws-lambda-prueba.zip"
              },
              "Handler": "src/deleteTask.deleteTask",
              "Runtime": "nodejs14.x",
              "FunctionName": "aws-lambda-prueba-dev-deleteTask",
              "MemorySize": 1024,
              "Timeout": 6,
              "Role": {
                "Fn::GetAtt": [
                  "IamRoleLambdaExecution",
                  "Arn"
                ]
              }
            },
            "DependsOn": [
              "DeleteTaskLogGroup"
            ]
          },
          "HelloLambdaVersionMHFZiUqPn5CkX8HXnYoYXVYgbtNEutESk3fIsDtmtQ": {
            "Type": "AWS::Lambda::Version",
            "DeletionPolicy": "Retain",
            "Properties": {
              "FunctionName": {
                "Ref": "HelloLambdaFunction"
              },
              "CodeSha256": "n3eya+1Y2dGj7TUbk2H7r5Zuyi9CGO15OCGPV7JTVr8="
            }
          },
          "CreateTaskLambdaVersionkEKCbWWiPj9Xabh2HeJi0WSUflNkNS9UO92n83vOv5c": {
            "Type": "AWS::Lambda::Version",
            "DeletionPolicy": "Retain",
            "Properties": {
              "FunctionName": {
                "Ref": "CreateTaskLambdaFunction"
              },
              "CodeSha256": "n3eya+1Y2dGj7TUbk2H7r5Zuyi9CGO15OCGPV7JTVr8="
            }
          },
          "GetTasksLambdaVersionoTWNgMzxulsZUePj3BdT1NFIgteaxyfg0YuyUmT8": {
            "Type": "AWS::Lambda::Version",
            "DeletionPolicy": "Retain",
            "Properties": {
              "FunctionName": {
                "Ref": "GetTasksLambdaFunction"
              },
              "CodeSha256": "n3eya+1Y2dGj7TUbk2H7r5Zuyi9CGO15OCGPV7JTVr8="
            }
          },
          "GetTaskLambdaVersionuREkgHD1g1cVDeEIdNhuSLAaYUn9ay08iPA3xz7IpY": {
            "Type": "AWS::Lambda::Version",
            "DeletionPolicy": "Retain",
            "Properties": {
              "FunctionName": {
                "Ref": "GetTaskLambdaFunction"
              },
              "CodeSha256": "n3eya+1Y2dGj7TUbk2H7r5Zuyi9CGO15OCGPV7JTVr8="
            }
          },
          "UpdateTaskLambdaVersionGeWg9OUenjOiP0fsUgIxfR08onC4NrWJRXBcX9h4hA": {
            "Type": "AWS::Lambda::Version",
            "DeletionPolicy": "Retain",
            "Properties": {
              "FunctionName": {
                "Ref": "UpdateTaskLambdaFunction"
              },
              "CodeSha256": "n3eya+1Y2dGj7TUbk2H7r5Zuyi9CGO15OCGPV7JTVr8="
            }
          },
          "DeleteTaskLambdaVersion15Jdw2mVTZxwVInGqN0GjUbFk8wusf1TP0t0OPA": {
            "Type": "AWS::Lambda::Version",
            "DeletionPolicy": "Retain",
            "Properties": {
              "FunctionName": {
                "Ref": "DeleteTaskLambdaFunction"
              },
              "CodeSha256": "n3eya+1Y2dGj7TUbk2H7r5Zuyi9CGO15OCGPV7JTVr8="
            }
          },
          "HttpApi": {
            "Type": "AWS::ApiGatewayV2::Api",
            "Properties": {
              "Name": "dev-aws-lambda-prueba",
              "ProtocolType": "HTTP"
            }
          },
          "HttpApiStage": {
            "Type": "AWS::ApiGatewayV2::Stage",
            "Properties": {
              "ApiId": {
                "Ref": "HttpApi"
              },
              "StageName": "$default",
              "AutoDeploy": true,
              "DefaultRouteSettings": {
                "DetailedMetricsEnabled": false
              }
            }
          },
          "HelloLambdaPermissionHttpApi": {
            "Type": "AWS::Lambda::Permission",
            "Properties": {
              "FunctionName": {
                "Fn::GetAtt": [
                  "HelloLambdaFunction",
                  "Arn"
                ]
              },
              "Action": "lambda:InvokeFunction",
              "Principal": "apigateway.amazonaws.com",
              "SourceArn": {
                "Fn::Join": [
                  "",
                  [
                    "arn:",
                    {
                      "Ref": "AWS::Partition"
                    },
                    ":execute-api:",
                    {
                      "Ref": "AWS::Region"
                    },
                    ":",
                    {
                      "Ref": "AWS::AccountId"
                    },
                    ":",
                    {
                      "Ref": "HttpApi"
                    },
                    "/*"
                  ]
                ]
              }
            }
          },
          "HttpApiIntegrationHello": {
            "Type": "AWS::ApiGatewayV2::Integration",
            "Properties": {
              "ApiId": {
                "Ref": "HttpApi"
              },
              "IntegrationType": "AWS_PROXY",
              "IntegrationUri": {
                "$ref": "$[\"service\"][\"provider\"][\"compiledCloudFormationTemplate\"][\"Resources\"][\"HelloLambdaPermissionHttpApi\"][\"Properties\"][\"FunctionName\"]"
              },
              "PayloadFormatVersion": "2.0",
              "TimeoutInMillis": 6500
            }
          },
          "HttpApiRouteGet": {
            "Type": "AWS::ApiGatewayV2::Route",
            "Properties": {
              "ApiId": {
                "Ref": "HttpApi"
              },
              "RouteKey": "GET /",
              "Target": {
                "Fn::Join": [
                  "/",
                  [
                    "integrations",
                    {
                      "Ref": "HttpApiIntegrationHello"
                    }
                  ]
                ]
              }
            },
            "DependsOn": "HttpApiIntegrationHello"
          },
          "CreateTaskLambdaPermissionHttpApi": {
            "Type": "AWS::Lambda::Permission",
            "Properties": {
              "FunctionName": {
                "Fn::GetAtt": [
                  "CreateTaskLambdaFunction",
                  "Arn"
                ]
              },
              "Action": "lambda:InvokeFunction",
              "Principal": "apigateway.amazonaws.com",
              "SourceArn": {
                "Fn::Join": [
                  "",
                  [
                    "arn:",
                    {
                      "Ref": "AWS::Partition"
                    },
                    ":execute-api:",
                    {
                      "Ref": "AWS::Region"
                    },
                    ":",
                    {
                      "Ref": "AWS::AccountId"
                    },
                    ":",
                    {
                      "Ref": "HttpApi"
                    },
                    "/*"
                  ]
                ]
              }
            }
          },
          "HttpApiIntegrationCreateTask": {
            "Type": "AWS::ApiGatewayV2::Integration",
            "Properties": {
              "ApiId": {
                "Ref": "HttpApi"
              },
              "IntegrationType": "AWS_PROXY",
              "IntegrationUri": {
                "$ref": "$[\"service\"][\"provider\"][\"compiledCloudFormationTemplate\"][\"Resources\"][\"CreateTaskLambdaPermissionHttpApi\"][\"Properties\"][\"FunctionName\"]"
              },
              "PayloadFormatVersion": "2.0",
              "TimeoutInMillis": 6500
            }
          },
          "HttpApiRoutePostTasks": {
            "Type": "AWS::ApiGatewayV2::Route",
            "Properties": {
              "ApiId": {
                "Ref": "HttpApi"
              },
              "RouteKey": "POST /tasks",
              "Target": {
                "Fn::Join": [
                  "/",
                  [
                    "integrations",
                    {
                      "Ref": "HttpApiIntegrationCreateTask"
                    }
                  ]
                ]
              }
            },
            "DependsOn": "HttpApiIntegrationCreateTask"
          },
          "GetTasksLambdaPermissionHttpApi": {
            "Type": "AWS::Lambda::Permission",
            "Properties": {
              "FunctionName": {
                "Fn::GetAtt": [
                  "GetTasksLambdaFunction",
                  "Arn"
                ]
              },
              "Action": "lambda:InvokeFunction",
              "Principal": "apigateway.amazonaws.com",
              "SourceArn": {
                "Fn::Join": [
                  "",
                  [
                    "arn:",
                    {
                      "Ref": "AWS::Partition"
                    },
                    ":execute-api:",
                    {
                      "Ref": "AWS::Region"
                    },
                    ":",
                    {
                      "Ref": "AWS::AccountId"
                    },
                    ":",
                    {
                      "Ref": "HttpApi"
                    },
                    "/*"
                  ]
                ]
              }
            }
          },
          "HttpApiIntegrationGetTasks": {
            "Type": "AWS::ApiGatewayV2::Integration",
            "Properties": {
              "ApiId": {
                "Ref": "HttpApi"
              },
              "IntegrationType": "AWS_PROXY",
              "IntegrationUri": {
                "$ref": "$[\"service\"][\"provider\"][\"compiledCloudFormationTemplate\"][\"Resources\"][\"GetTasksLambdaPermissionHttpApi\"][\"Properties\"][\"FunctionName\"]"
              },
              "PayloadFormatVersion": "2.0",
              "TimeoutInMillis": 6500
            }
          },
          "HttpApiRouteGetTasks": {
            "Type": "AWS::ApiGatewayV2::Route",
            "Properties": {
              "ApiId": {
                "Ref": "HttpApi"
              },
              "RouteKey": "GET /tasks",
              "Target": {
                "Fn::Join": [
                  "/",
                  [
                    "integrations",
                    {
                      "Ref": "HttpApiIntegrationGetTasks"
                    }
                  ]
                ]
              }
            },
            "DependsOn": "HttpApiIntegrationGetTasks"
          },
          "GetTaskLambdaPermissionHttpApi": {
            "Type": "AWS::Lambda::Permission",
            "Properties": {
              "FunctionName": {
                "Fn::GetAtt": [
                  "GetTaskLambdaFunction",
                  "Arn"
                ]
              },
              "Action": "lambda:InvokeFunction",
              "Principal": "apigateway.amazonaws.com",
              "SourceArn": {
                "Fn::Join": [
                  "",
                  [
                    "arn:",
                    {
                      "Ref": "AWS::Partition"
                    },
                    ":execute-api:",
                    {
                      "Ref": "AWS::Region"
                    },
                    ":",
                    {
                      "Ref": "AWS::AccountId"
                    },
                    ":",
                    {
                      "Ref": "HttpApi"
                    },
                    "/*"
                  ]
                ]
              }
            }
          },
          "HttpApiIntegrationGetTask": {
            "Type": "AWS::ApiGatewayV2::Integration",
            "Properties": {
              "ApiId": {
                "Ref": "HttpApi"
              },
              "IntegrationType": "AWS_PROXY",
              "IntegrationUri": {
                "$ref": "$[\"service\"][\"provider\"][\"compiledCloudFormationTemplate\"][\"Resources\"][\"GetTaskLambdaPermissionHttpApi\"][\"Properties\"][\"FunctionName\"]"
              },
              "PayloadFormatVersion": "2.0",
              "TimeoutInMillis": 6500
            }
          },
          "HttpApiRouteGetTasksIdVar": {
            "Type": "AWS::ApiGatewayV2::Route",
            "Properties": {
              "ApiId": {
                "Ref": "HttpApi"
              },
              "RouteKey": "GET /tasks/{id}",
              "Target": {
                "Fn::Join": [
                  "/",
                  [
                    "integrations",
                    {
                      "Ref": "HttpApiIntegrationGetTask"
                    }
                  ]
                ]
              }
            },
            "DependsOn": "HttpApiIntegrationGetTask"
          },
          "UpdateTaskLambdaPermissionHttpApi": {
            "Type": "AWS::Lambda::Permission",
            "Properties": {
              "FunctionName": {
                "Fn::GetAtt": [
                  "UpdateTaskLambdaFunction",
                  "Arn"
                ]
              },
              "Action": "lambda:InvokeFunction",
              "Principal": "apigateway.amazonaws.com",
              "SourceArn": {
                "Fn::Join": [
                  "",
                  [
                    "arn:",
                    {
                      "Ref": "AWS::Partition"
                    },
                    ":execute-api:",
                    {
                      "Ref": "AWS::Region"
                    },
                    ":",
                    {
                      "Ref": "AWS::AccountId"
                    },
                    ":",
                    {
                      "Ref": "HttpApi"
                    },
                    "/*"
                  ]
                ]
              }
            }
          },
          "HttpApiIntegrationUpdateTask": {
            "Type": "AWS::ApiGatewayV2::Integration",
            "Properties": {
              "ApiId": {
                "Ref": "HttpApi"
              },
              "IntegrationType": "AWS_PROXY",
              "IntegrationUri": {
                "$ref": "$[\"service\"][\"provider\"][\"compiledCloudFormationTemplate\"][\"Resources\"][\"UpdateTaskLambdaPermissionHttpApi\"][\"Properties\"][\"FunctionName\"]"
              },
              "PayloadFormatVersion": "2.0",
              "TimeoutInMillis": 6500
            }
          },
          "HttpApiRoutePutTasksIdVar": {
            "Type": "AWS::ApiGatewayV2::Route",
            "Properties": {
              "ApiId": {
                "Ref": "HttpApi"
              },
              "RouteKey": "PUT /tasks/{id}",
              "Target": {
                "Fn::Join": [
                  "/",
                  [
                    "integrations",
                    {
                      "Ref": "HttpApiIntegrationUpdateTask"
                    }
                  ]
                ]
              }
            },
            "DependsOn": "HttpApiIntegrationUpdateTask"
          },
          "DeleteTaskLambdaPermissionHttpApi": {
            "Type": "AWS::Lambda::Permission",
            "Properties": {
              "FunctionName": {
                "Fn::GetAtt": [
                  "DeleteTaskLambdaFunction",
                  "Arn"
                ]
              },
              "Action": "lambda:InvokeFunction",
              "Principal": "apigateway.amazonaws.com",
              "SourceArn": {
                "Fn::Join": [
                  "",
                  [
                    "arn:",
                    {
                      "Ref": "AWS::Partition"
                    },
                    ":execute-api:",
                    {
                      "Ref": "AWS::Region"
                    },
                    ":",
                    {
                      "Ref": "AWS::AccountId"
                    },
                    ":",
                    {
                      "Ref": "HttpApi"
                    },
                    "/*"
                  ]
                ]
              }
            }
          },
          "HttpApiIntegrationDeleteTask": {
            "Type": "AWS::ApiGatewayV2::Integration",
            "Properties": {
              "ApiId": {
                "Ref": "HttpApi"
              },
              "IntegrationType": "AWS_PROXY",
              "IntegrationUri": {
                "$ref": "$[\"service\"][\"provider\"][\"compiledCloudFormationTemplate\"][\"Resources\"][\"DeleteTaskLambdaPermissionHttpApi\"][\"Properties\"][\"FunctionName\"]"
              },
              "PayloadFormatVersion": "2.0",
              "TimeoutInMillis": 6500
            }
          },
          "HttpApiRouteDeleteTasksIdVar": {
            "Type": "AWS::ApiGatewayV2::Route",
            "Properties": {
              "ApiId": {
                "Ref": "HttpApi"
              },
              "RouteKey": "DELETE /tasks/{id}",
              "Target": {
                "Fn::Join": [
                  "/",
                  [
                    "integrations",
                    {
                      "Ref": "HttpApiIntegrationDeleteTask"
                    }
                  ]
                ]
              }
            },
            "DependsOn": "HttpApiIntegrationDeleteTask"
          },
          "TaskTable2": {
            "Type": "AWS::DynamoDB::Table",
            "Properties": {
              "TableName": "TaskTable2",
              "BillingMode": "PAY_PER_REQUEST",
              "AttributeDefinitions": [
                {
                  "AttributeName": "id",
                  "AttributeType": "S"
                }
              ],
              "KeySchema": [
                {
                  "AttributeName": "id",
                  "KeyType": "HASH"
                }
              ]
            }
          }
        },
        "Outputs": {
          "ServerlessDeploymentBucketName": {
            "Value": {
              "Ref": "ServerlessDeploymentBucket"
            },
            "Export": {
              "Name": "sls-aws-lambda-prueba-dev-ServerlessDeploymentBucketName"
            }
          },
          "HelloLambdaFunctionQualifiedArn": {
            "Description": "Current Lambda function version",
            "Value": {
              "Ref": "HelloLambdaVersionMHFZiUqPn5CkX8HXnYoYXVYgbtNEutESk3fIsDtmtQ"
            },
            "Export": {
              "Name": "sls-aws-lambda-prueba-dev-HelloLambdaFunctionQualifiedArn"
            }
          },
          "CreateTaskLambdaFunctionQualifiedArn": {
            "Description": "Current Lambda function version",
            "Value": {
              "Ref": "CreateTaskLambdaVersionkEKCbWWiPj9Xabh2HeJi0WSUflNkNS9UO92n83vOv5c"
            },
            "Export": {
              "Name": "sls-aws-lambda-prueba-dev-CreateTaskLambdaFunctionQualifiedArn"
            }
          },
          "GetTasksLambdaFunctionQualifiedArn": {
            "Description": "Current Lambda function version",
            "Value": {
              "Ref": "GetTasksLambdaVersionoTWNgMzxulsZUePj3BdT1NFIgteaxyfg0YuyUmT8"
            },
            "Export": {
              "Name": "sls-aws-lambda-prueba-dev-GetTasksLambdaFunctionQualifiedArn"
            }
          },
          "GetTaskLambdaFunctionQualifiedArn": {
            "Description": "Current Lambda function version",
            "Value": {
              "Ref": "GetTaskLambdaVersionuREkgHD1g1cVDeEIdNhuSLAaYUn9ay08iPA3xz7IpY"
            },
            "Export": {
              "Name": "sls-aws-lambda-prueba-dev-GetTaskLambdaFunctionQualifiedArn"
            }
          },
          "UpdateTaskLambdaFunctionQualifiedArn": {
            "Description": "Current Lambda function version",
            "Value": {
              "Ref": "UpdateTaskLambdaVersionGeWg9OUenjOiP0fsUgIxfR08onC4NrWJRXBcX9h4hA"
            },
            "Export": {
              "Name": "sls-aws-lambda-prueba-dev-UpdateTaskLambdaFunctionQualifiedArn"
            }
          },
          "DeleteTaskLambdaFunctionQualifiedArn": {
            "Description": "Current Lambda function version",
            "Value": {
              "Ref": "DeleteTaskLambdaVersion15Jdw2mVTZxwVInGqN0GjUbFk8wusf1TP0t0OPA"
            },
            "Export": {
              "Name": "sls-aws-lambda-prueba-dev-DeleteTaskLambdaFunctionQualifiedArn"
            }
          },
          "HttpApiId": {
            "Description": "Id of the HTTP API",
            "Value": {
              "Ref": "HttpApi"
            },
            "Export": {
              "Name": "sls-aws-lambda-prueba-dev-HttpApiId"
            }
          },
          "HttpApiUrl": {
            "Description": "URL of the HTTP API",
            "Value": {
              "Fn::Join": [
                "",
                [
                  "https://",
                  {
                    "Ref": "HttpApi"
                  },
                  ".execute-api.",
                  {
                    "Ref": "AWS::Region"
                  },
                  ".",
                  {
                    "Ref": "AWS::URLSuffix"
                  }
                ]
              ]
            },
            "Export": {
              "Name": "sls-aws-lambda-prueba-dev-HttpApiUrl"
            }
          }
        }
      },
      "coreCloudFormationTemplate": {
        "AWSTemplateFormatVersion": "2010-09-09",
        "Description": "The AWS CloudFormation template for this Serverless application",
        "Resources": {
          "ServerlessDeploymentBucket": {
            "Type": "AWS::S3::Bucket",
            "Properties": {
              "BucketEncryption": {
                "ServerSideEncryptionConfiguration": [
                  {
                    "ServerSideEncryptionByDefault": {
                      "SSEAlgorithm": "AES256"
                    }
                  }
                ]
              }
            }
          },
          "ServerlessDeploymentBucketPolicy": {
            "Type": "AWS::S3::BucketPolicy",
            "Properties": {
              "Bucket": {
                "Ref": "ServerlessDeploymentBucket"
              },
              "PolicyDocument": {
                "Statement": [
                  {
                    "Action": "s3:*",
                    "Effect": "Deny",
                    "Principal": "*",
                    "Resource": [
                      {
                        "Fn::Join": [
                          "",
                          [
                            "arn:",
                            {
                              "Ref": "AWS::Partition"
                            },
                            ":s3:::",
                            {
                              "Ref": "ServerlessDeploymentBucket"
                            },
                            "/*"
                          ]
                        ]
                      },
                      {
                        "Fn::Join": [
                          "",
                          [
                            "arn:",
                            {
                              "Ref": "AWS::Partition"
                            },
                            ":s3:::",
                            {
                              "Ref": "ServerlessDeploymentBucket"
                            }
                          ]
                        ]
                      }
                    ],
                    "Condition": {
                      "Bool": {
                        "aws:SecureTransport": false
                      }
                    }
                  }
                ]
              }
            }
          }
        },
        "Outputs": {
          "ServerlessDeploymentBucketName": {
            "Value": {
              "Ref": "ServerlessDeploymentBucket"
            }
          }
        }
      },
      "vpc": {}
    },
    "pluginsData": {},
    "functions": {
      "hello": {
        "handler": "src/hello.hello",
        "events": [
          {
            "httpApi": {
              "path": "/",
              "method": "get"
            },
            "resolvedMethod": "GET",
            "resolvedPath": "/"
          }
        ],
        "name": "aws-lambda-prueba-dev-hello",
        "package": {},
        "memory": 1024,
        "timeout": 6,
        "runtime": "nodejs14.x",
        "vpc": {},
        "versionLogicalId": "HelloLambdaVersionMHFZiUqPn5CkX8HXnYoYXVYgbtNEutESk3fIsDtmtQ"
      },
      "createTask": {
        "handler": "src/addTask.addTask",
        "events": [
          {
            "httpApi": {
              "path": "/tasks",
              "method": "post"
            },
            "resolvedMethod": "POST",
            "resolvedPath": "/tasks"
          }
        ],
        "name": "aws-lambda-prueba-dev-createTask",
        "package": {},
        "memory": 1024,
        "timeout": 6,
        "runtime": "nodejs14.x",
        "vpc": {},
        "versionLogicalId": "CreateTaskLambdaVersionkEKCbWWiPj9Xabh2HeJi0WSUflNkNS9UO92n83vOv5c"
      },
      "getTasks": {
        "handler": "src/getTasks.getTasks",
        "events": [
          {
            "httpApi": {
              "path": "/tasks",
              "method": "get"
            },
            "resolvedMethod": "GET",
            "resolvedPath": "/tasks"
          }
        ],
        "name": "aws-lambda-prueba-dev-getTasks",
        "package": {},
        "memory": 1024,
        "timeout": 6,
        "runtime": "nodejs14.x",
        "vpc": {},
        "versionLogicalId": "GetTasksLambdaVersionoTWNgMzxulsZUePj3BdT1NFIgteaxyfg0YuyUmT8"
      },
      "getTask": {
        "handler": "src/getTask.getTask",
        "events": [
          {
            "httpApi": {
              "path": "/tasks/{id}",
              "method": "get"
            },
            "resolvedMethod": "GET",
            "resolvedPath": "/tasks/{id}"
          }
        ],
        "name": "aws-lambda-prueba-dev-getTask",
        "package": {},
        "memory": 1024,
        "timeout": 6,
        "runtime": "nodejs14.x",
        "vpc": {},
        "versionLogicalId": "GetTaskLambdaVersionuREkgHD1g1cVDeEIdNhuSLAaYUn9ay08iPA3xz7IpY"
      },
      "updateTask": {
        "handler": "src/updateTask.updateTask",
        "events": [
          {
            "httpApi": {
              "path": "/tasks/{id}",
              "method": "put"
            },
            "resolvedMethod": "PUT",
            "resolvedPath": "/tasks/{id}"
          }
        ],
        "name": "aws-lambda-prueba-dev-updateTask",
        "package": {},
        "memory": 1024,
        "timeout": 6,
        "runtime": "nodejs14.x",
        "vpc": {},
        "versionLogicalId": "UpdateTaskLambdaVersionGeWg9OUenjOiP0fsUgIxfR08onC4NrWJRXBcX9h4hA"
      },
      "deleteTask": {
        "handler": "src/deleteTask.deleteTask",
        "events": [
          {
            "httpApi": {
              "path": "/tasks/{id}",
              "method": "delete"
            },
            "resolvedMethod": "DELETE",
            "resolvedPath": "/tasks/{id}"
          }
        ],
        "name": "aws-lambda-prueba-dev-deleteTask",
        "package": {},
        "memory": 1024,
        "timeout": 6,
        "runtime": "nodejs14.x",
        "vpc": {},
        "versionLogicalId": "DeleteTaskLambdaVersion15Jdw2mVTZxwVInGqN0GjUbFk8wusf1TP0t0OPA"
      }
    },
    "resources": {
      "Resources": {
        "TaskTable2": {
          "Type": "AWS::DynamoDB::Table",
          "Properties": {
            "TableName": "TaskTable2",
            "BillingMode": "PAY_PER_REQUEST",
            "AttributeDefinitions": [
              {
                "AttributeName": "id",
                "AttributeType": "S"
              }
            ],
            "KeySchema": [
              {
                "AttributeName": "id",
                "KeyType": "HASH"
              }
            ]
          }
        }
      },
      "Outputs": {}
    },
    "configValidationMode": "warn",
    "serviceFilename": "serverless.yml",
    "initialServerlessConfig": {
      "service": "aws-lambda-prueba",
      "frameworkVersion": "3",
      "provider": {
        "$ref": "$[\"service\"][\"provider\"]"
      },
      "functions": {
        "$ref": "$[\"service\"][\"functions\"]"
      },
      "resources": {
        "$ref": "$[\"service\"][\"resources\"]"
      }
    },
    "layers": {},
    "isDashboardMonitoringPreconfigured": false,
    "artifact": "C:\\Users\\cuent\\OneDrive\\Escritorio\\aws-lambda-prueba\\.serverless\\aws-lambda-prueba.zip"
  },
  "package": {
    "artifactDirectoryName": "serverless/aws-lambda-prueba/dev/1656135023462-2022-06-25T05:30:23.462Z",
    "artifact": "aws-lambda-prueba.zip"
  }
}